psql (13.4)
WARNING: Console code page (437) differs from Windows code page (1252)
         8-bit characters might not work correctly. See psql reference
         page "Notes for Windows users" for details.
Type "help" for help.

postgres=# \\l
invalid command \
Try \? for help.
postgres=# \l
                                                   List of databases
      Name      |  Owner   | Encoding |          Collate           |           Ctype            |   Access privileges   ----------------+----------+----------+----------------------------+----------------------------+----------------------- day13p         | postgres | UTF8     | English_United States.1252 | English_United States.1252 |
 day9           | postgres | UTF8     | English_United States.1252 | English_United States.1252 |
 dbname         | postgres | UTF8     | English_United States.1252 | English_United States.1252 |
 gurpreet       | postgres | UTF8     | English_United States.1252 | English_United States.1252 |
 gurpreet_singh | postgres | UTF8     | English_United States.1252 | English_United States.1252 |
 mickey         | postgres | UTF8     | English_United States.1252 | English_United States.1252 |
 postgres       | postgres | UTF8     | English_United States.1252 | English_United States.1252 |
 projectdb      | postgres | UTF8     | English_United States.1252 | English_United States.1252 |
 taazaadbs      | postgres | UTF8     | English_United States.1252 | English_United States.1252 |
 template0      | postgres | UTF8     | English_United States.1252 | English_United States.1252 | =c/postgres          +                |          |          |                            |                            | postgres=CTc/postgres
 template1      | postgres | UTF8     | English_United States.1252 | English_United States.1252 | =c/postgres          +                |          |          |                            |                            | postgres=CTc/postgres
 usermanagement | postgres | UTF8     | English_United States.1252 | English_United States.1252 |
(12 rows)


postgres=# create database Day15G
postgres-# ;
CREATE DATABASE
postgres=# \l
                                                   List of databases
      Name      |  Owner   | Encoding |          Collate           |           Ctype            |   Access privileges   ----------------+----------+----------+----------------------------+----------------------------+----------------------- day13p         | postgres | UTF8     | English_United States.1252 | English_United States.1252 |
 day15g         | postgres | UTF8     | English_United States.1252 | English_United States.1252 |
 day9           | postgres | UTF8     | English_United States.1252 | English_United States.1252 |
 dbname         | postgres | UTF8     | English_United States.1252 | English_United States.1252 |
 gurpreet       | postgres | UTF8     | English_United States.1252 | English_United States.1252 |
 gurpreet_singh | postgres | UTF8     | English_United States.1252 | English_United States.1252 |
 mickey         | postgres | UTF8     | English_United States.1252 | English_United States.1252 |
 postgres       | postgres | UTF8     | English_United States.1252 | English_United States.1252 |
 projectdb      | postgres | UTF8     | English_United States.1252 | English_United States.1252 |
 taazaadbs      | postgres | UTF8     | English_United States.1252 | English_United States.1252 |
 template0      | postgres | UTF8     | English_United States.1252 | English_United States.1252 | =c/postgres          +                |          |          |                            |                            | postgres=CTc/postgres
 template1      | postgres | UTF8     | English_United States.1252 | English_United States.1252 | =c/postgres          +                |          |          |                            |                            | postgres=CTc/postgres
 usermanagement | postgres | UTF8     | English_United States.1252 | English_United States.1252 |
(13 rows)


postgres=# \c day15g
You are now connected to database "day15g" as user "postgres".
day15g=# create table SelfTaazaa(
day15g(# emp_No int generated always as identity,
day15g(# emp_id int primary key not null,
day15g(# emp_name varchar(20) not null,
day15g(# emp_phone_no numeric,
day15g(# date_of_join date default current_date,
day15g(# time_of_join time default current_time,
day15g(# dept_id int);
CREATE TABLE
day15g=# \d;
invalid command \d;
Try \? for help.
day15g=# \l;
invalid command \l;
Try \? for help.
day15g=# /d;
ERROR:  syntax error at or near "/"
LINE 1: /d;
        ^
day15g=# \m
invalid command \m
Try \? for help.
day15g=# \?
General
  \copyright             show PostgreSQL usage and distribution terms
  \crosstabview [COLUMNS] execute query and display results in crosstab
  \errverbose            show most recent error message at maximum verbosity
  \g [(OPTIONS)] [FILE]  execute query (and send results to file or |pipe);
                         \g with no arguments is equivalent to a semicolon
  \gdesc                 describe result of query, without executing it
  \gexec                 execute query, then execute each value in its result
  \gset [PREFIX]         execute query and store results in psql variables
  \gx [(OPTIONS)] [FILE] as \g, but forces expanded output mode
  \q                     quit psql
  \watch [SEC]           execute query every SEC seconds

Help
  \? [commands]          show help on backslash commands
  \? options             show help on psql command-line options
  \? variables           show help on special variables
  \h [NAME]              help on syntax of SQL commands, * for all commands

Query Buffer
  \e [FILE] [LINE]       edit the query buffer (or file) with external editor
  \ef [FUNCNAME [LINE]]  edit function definition with external editor
  \ev [VIEWNAME [LINE]]  edit view definition with external editor
  \p                     show the contents of the query buffer
  \r                     reset (clear) the query buffer
  \w FILE                write query buffer to file

Input/Output
  \copy ...              perform SQL COPY with data stream to the client host
  \echo [-n] [STRING]    write string to standard output (-n for no newline)
  \i FILE                execute commands from file
  \ir FILE               as \i, but relative to location of current script
  \o [FILE]              send all query results to file or |pipe
  \qecho [-n] [STRING]   write string to \o output stream (-n for no newline)
  \warn [-n] [STRING]    write string to standard error (-n for no newline)

Conditional
  \if EXPR               begin conditional block
  \elif EXPR             alternative within current conditional block
  \else                  final alternative within current conditional block
  \endif                 end conditional block

Informational
  (options: S = show system objects, + = additional detail)
  \d[S+]                 list tables, views, and sequences
  \d[S+]  NAME           describe table, view, sequence, or index
  \da[S]  [PATTERN]      list aggregates
  \dA[+]  [PATTERN]      list access methods
  \dAc[+] [AMPTRN [TYPEPTRN]]  list operator classes
  \dAf[+] [AMPTRN [TYPEPTRN]]  list operator families
  \dAo[+] [AMPTRN [OPFPTRN]]   list operators of operator families
  \dAp[+] [AMPTRN [OPFPTRN]]   list support functions of operator families
  \db[+]  [PATTERN]      list tablespaces
  \dc[S+] [PATTERN]      list conversions
  \dC[+]  [PATTERN]      list casts
  \dd[S]  [PATTERN]      show object descriptions not displayed elsewhere
  \dD[S+] [PATTERN]      list domains
  \ddp    [PATTERN]      list default privileges
  \dE[S+] [PATTERN]      list foreign tables
  \det[+] [PATTERN]      list foreign tables
  \des[+] [PATTERN]      list foreign servers
  \deu[+] [PATTERN]      list user mappings
  \dew[+] [PATTERN]      list foreign-data wrappers
  \df[anptw][S+] [PATRN] list [only agg/normal/procedures/trigger/window] functions
  \dF[+]  [PATTERN]      list text search configurations
  \dFd[+] [PATTERN]      list text search dictionaries
  \dFp[+] [PATTERN]      list text search parsers
  \dFt[+] [PATTERN]      list text search templates
  \dg[S+] [PATTERN]      list roles
  \di[S+] [PATTERN]      list indexes
  \dl                    list large objects, same as \lo_list
  \dL[S+] [PATTERN]      list procedural languages
  \dm[S+] [PATTERN]      list materialized views
  \dn[S+] [PATTERN]      list schemas
  \do[S+] [PATTERN]      list operators
  \dO[S+] [PATTERN]      list collations
  \dp     [PATTERN]      list table, view, and sequence access privileges
  \dP[itn+] [PATTERN]    list [only index/table] partitioned relations [n=nested]
  \drds [PATRN1 [PATRN2]] list per-database role settings
  \dRp[+] [PATTERN]      list replication publications
  \dRs[+] [PATTERN]      list replication subscriptions
  \ds[S+] [PATTERN]      list sequences
  \dt[S+] [PATTERN]      list tables
  \dT[S+] [PATTERN]      list data types
  \du[S+] [PATTERN]      list roles
  \dv[S+] [PATTERN]      list views
  \dx[+]  [PATTERN]      list extensions
  \dy[+]  [PATTERN]      list event triggers
  \l[+]   [PATTERN]      list databases
  \sf[+]  FUNCNAME       show a function's definition
  \sv[+]  VIEWNAME       show a view's definition
  \z      [PATTERN]      same as \dp

Formatting
  \a                     toggle between unaligned and aligned output mode
  \C [STRING]            set table title, or unset if none
  \f [STRING]            show or set field separator for unaligned query output
  \H                     toggle HTML output mode (currently off)
  \pset [NAME [VALUE]]   set table output option
                         (border|columns|csv_fieldsep|expanded|fieldsep|
                         fieldsep_zero|footer|format|linestyle|null|
                         numericlocale|pager|pager_min_lines|recordsep|
                         recordsep_zero|tableattr|title|tuples_only|
                         unicode_border_linestyle|unicode_column_linestyle|
                         unicode_header_linestyle)
  \t [on|off]            show only rows (currently off)
  \T [STRING]            set HTML <table> tag attributes, or unset if none
  \x [on|off|auto]       toggle expanded output (currently off)

Connection
  \c[onnect] {[DBNAME|- USER|- HOST|- PORT|-] | conninfo}
                         connect to new database (currently "day15g")
  \conninfo              display information about current connection
  \encoding [ENCODING]   show or set client encoding
  \password [USERNAME]   securely change the password for a user

Operating System
  \cd [DIR]              change the current working directory
  \setenv NAME [VALUE]   set or unset environment variable
  \timing [on|off]       toggle timing of commands (currently off)
  \! [COMMAND]           execute command in shell or start interactive shell

Variables
  \prompt [TEXT] NAME    prompt user to set internal variable
  \set [NAME [VALUE]]    set internal variable, or list all if no parameters
  \unset NAME            unset (delete) internal variable

Large Objects
  \lo_export LOBOID FILE
  \lo_import FILE [COMMENT]
  \lo_list
  \lo_unlink LOBOID      large object operations

day15g=#
day15g=#
day15g=#
day15g=#
day15g=#
day15g=# insert into SelfTaazaa(emp_id,emp_name,emp_phone_no,dept_id) values(15768,'Gurpreet',9717983635,101);
INSERT 0 1
day15g=# insert into SelfTaazaa(emp_id,emp_name,emp_phone_no,dept_id) values(16768,'rohan',7827656364,101);
INSERT 0 1
day15g=# insert into SelfTaazaa(emp_id,emp_name,emp_phone_no,dept_id) values(16768,'Abhishek',7827666364,102);
ERROR:  duplicate key value violates unique constraint "selftaazaa_pkey"
DETAIL:  Key (emp_id)=(16768) already exists.
day15g=# insert into SelfTaazaa(emp_id,emp_name,emp_phone_no,dept_id) values(17768,'Abhishek',7827666364,102);
INSERT 0 1
day15g=# insert into SelfTaazaa(emp_id,emp_name,emp_phone_no,dept_id) values(18768,'Raman',7227666364,103);
INSERT 0 1
day15g=# insert into SelfTaazaa(emp_id,emp_name,emp_phone_no,dept_id) values(18768,'max',9227666364,101);
ERROR:  duplicate key value violates unique constraint "selftaazaa_pkey"
DETAIL:  Key (emp_id)=(18768) already exists.
day15g=# insert into SelfTaazaa(emp_id,emp_name,emp_phone_no,dept_id) values(19768,'max',9227666364,101);
INSERT 0 1
day15g=# insert into SelfTaazaa(emp_id,emp_name,emp_phone_no,dept_id) values(20768,'ben',9237666364,102);
INSERT 0 1
day15g=# insert into SelfTaazaa(emp_id,emp_name,emp_phone_no,dept_id) values(21768,'Salman',9137666364,101);
INSERT 0 1
day15g=# insert into SelfTaazaa(emp_id,emp_name,emp_phone_no,dept_id) values(22768,'Salman khan',9237666364,103);
INSERT 0 1
day15g=# insert into SelfTaazaa(emp_id,emp_name,emp_phone_no,dept_id) values(23768,'Mukesh',9137666364,104);
INSERT 0 1
day15g=#
day15g=# select * from SelfTaazaa;
 emp_no | emp_id |  emp_name   | emp_phone_no | date_of_join |  time_of_join   | dept_id
--------+--------+-------------+--------------+--------------+-----------------+---------
      1 |  15768 | Gurpreet    |   9717983635 | 2021-09-02   | 08:40:06.008901 |     101
      2 |  16768 | rohan       |   7827656364 | 2021-09-02   | 08:40:46.786416 |     101
      4 |  17768 | Abhishek    |   7827666364 | 2021-09-02   | 08:41:30.146781 |     102
      5 |  18768 | Raman       |   7227666364 | 2021-09-02   | 08:42:07.630946 |     103
      7 |  19768 | max         |   9227666364 | 2021-09-02   | 08:42:41.123282 |     101
      8 |  20768 | ben         |   9237666364 | 2021-09-02   | 08:43:08.289266 |     102
      9 |  21768 | Salman      |   9137666364 | 2021-09-02   | 08:44:07.686533 |     101
     10 |  22768 | Salman khan |   9237666364 | 2021-09-02   | 08:44:27.261475 |     103
     11 |  23768 | Mukesh      |   9137666364 | 2021-09-02   | 08:44:55.3374   |     104
(9 rows)


day15g=# create table dept(
day15g(# dept_id int primary key not null;
day15g(# deot_name varchar(30) not null;
day15g(# 0;
day15g(# );
ERROR:  syntax error at or near ";"
LINE 2: dept_id int primary key not null;
                                        ^
day15g=# create table dept(
day15g(# dept_id int primary key not null,
day15g(# deot_name varchar(30) not null);
CREATE TABLE
day15g=# insert into dept values(101,'Admin');
INSERT 0 1
day15g=# insert into dept values(102,'Support');
INSERT 0 1
day15g=# insert into dept values(103,'HR');
INSERT 0 1
day15g=# insert into dept values(104,'BD');
INSERT 0 1
day15g=# select * from dept;
 dept_id | deot_name
---------+-----------
     101 | Admin
     102 | Support
     103 | HR
     104 | BD
(4 rows)


day15g=# alter table dept rename column deot_name set dept_name;
ERROR:  syntax error at or near "set"
LINE 1: alter table dept rename column deot_name set dept_name;
                                                 ^
day15g=# alter table dept rename column deot_name as dept_name;
ERROR:  syntax error at or near "as"
LINE 1: alter table dept rename column deot_name as dept_name;
                                                 ^
day15g=# alter table dept rename column deot_name to dept_name;
ALTER TABLE
day15g=# select * from dept_name;
ERROR:  relation "dept_name" does not exist
LINE 1: select * from dept_name;
                      ^
day15g=# select * from dept;
 dept_id | dept_name
---------+-----------
     101 | Admin
     102 | Support
     103 | HR
     104 | BD
(4 rows)


day15g=# alter table SelfTaazaa alter column dept_id type int foreign key(dept_id) references dept(dept_id);
ERROR:  syntax error at or near "foreign"
LINE 1: ...er table SelfTaazaa alter column dept_id type int foreign ke...
                                                             ^
day15g=# alter table SelfTaazaa add constraint fkdeptid foreign key(dept_id) references dept.dept_id;
ERROR:  schema "dept" does not exist
day15g=# alter table SelfTaazaa add constraint fkdeptid foreign key(dept_id) references dept(dept_id);
ALTER TABLE
day15g=#
day15g=#
day15g=#
day15g=# select * from dept,SelfTaazaa;
 dept_id | dept_name | emp_no | emp_id |  emp_name   | emp_phone_no | date_of_join |  time_of_join   | dept_id
---------+-----------+--------+--------+-------------+--------------+--------------+-----------------+---------
     101 | Admin     |      1 |  15768 | Gurpreet    |   9717983635 | 2021-09-02   | 08:40:06.008901 |     101
     101 | Admin     |      2 |  16768 | rohan       |   7827656364 | 2021-09-02   | 08:40:46.786416 |     101
     101 | Admin     |      4 |  17768 | Abhishek    |   7827666364 | 2021-09-02   | 08:41:30.146781 |     102
     101 | Admin     |      5 |  18768 | Raman       |   7227666364 | 2021-09-02   | 08:42:07.630946 |     103
     101 | Admin     |      7 |  19768 | max         |   9227666364 | 2021-09-02   | 08:42:41.123282 |     101
     101 | Admin     |      8 |  20768 | ben         |   9237666364 | 2021-09-02   | 08:43:08.289266 |     102
     101 | Admin     |      9 |  21768 | Salman      |   9137666364 | 2021-09-02   | 08:44:07.686533 |     101
     101 | Admin     |     10 |  22768 | Salman khan |   9237666364 | 2021-09-02   | 08:44:27.261475 |     103
     101 | Admin     |     11 |  23768 | Mukesh      |   9137666364 | 2021-09-02   | 08:44:55.3374   |     104
     102 | Support   |      1 |  15768 | Gurpreet    |   9717983635 | 2021-09-02   | 08:40:06.008901 |     101
     102 | Support   |      2 |  16768 | rohan       |   7827656364 | 2021-09-02   | 08:40:46.786416 |     101
     102 | Support   |      4 |  17768 | Abhishek    |   7827666364 | 2021-09-02   | 08:41:30.146781 |     102
     102 | Support   |      5 |  18768 | Raman       |   7227666364 | 2021-09-02   | 08:42:07.630946 |     103
     102 | Support   |      7 |  19768 | max         |   9227666364 | 2021-09-02   | 08:42:41.123282 |     101
     102 | Support   |      8 |  20768 | ben         |   9237666364 | 2021-09-02   | 08:43:08.289266 |     102
     102 | Support   |      9 |  21768 | Salman      |   9137666364 | 2021-09-02   | 08:44:07.686533 |     101
     102 | Support   |     10 |  22768 | Salman khan |   9237666364 | 2021-09-02   | 08:44:27.261475 |     103
     102 | Support   |     11 |  23768 | Mukesh      |   9137666364 | 2021-09-02   | 08:44:55.3374   |     104
     103 | HR        |      1 |  15768 | Gurpreet    |   9717983635 | 2021-09-02   | 08:40:06.008901 |     101
     103 | HR        |      2 |  16768 | rohan       |   7827656364 | 2021-09-02   | 08:40:46.786416 |     101
     103 | HR        |      4 |  17768 | Abhishek    |   7827666364 | 2021-09-02   | 08:41:30.146781 |     102
     103 | HR        |      5 |  18768 | Raman       |   7227666364 | 2021-09-02   | 08:42:07.630946 |     103
     103 | HR        |      7 |  19768 | max         |   9227666364 | 2021-09-02   | 08:42:41.123282 |     101
     103 | HR        |      8 |  20768 | ben         |   9237666364 | 2021-09-02   | 08:43:08.289266 |     102
     103 | HR        |      9 |  21768 | Salman      |   9137666364 | 2021-09-02   | 08:44:07.686533 |     101
     103 | HR        |     10 |  22768 | Salman khan |   9237666364 | 2021-09-02   | 08:44:27.261475 |     103
     103 | HR        |     11 |  23768 | Mukesh      |   9137666364 | 2021-09-02   | 08:44:55.3374   |     104
     104 | BD        |      1 |  15768 | Gurpreet    |   9717983635 | 2021-09-02   | 08:40:06.008901 |     101
     104 | BD        |      2 |  16768 | rohan       |   7827656364 | 2021-09-02   | 08:40:46.786416 |     101
     104 | BD        |      4 |  17768 | Abhishek    |   7827666364 | 2021-09-02   | 08:41:30.146781 |     102
     104 | BD        |      5 |  18768 | Raman       |   7227666364 | 2021-09-02   | 08:42:07.630946 |     103
     104 | BD        |      7 |  19768 | max         |   9227666364 | 2021-09-02   | 08:42:41.123282 |     101
     104 | BD        |      8 |  20768 | ben         |   9237666364 | 2021-09-02   | 08:43:08.289266 |     102
     104 | BD        |      9 |  21768 | Salman      |   9137666364 | 2021-09-02   | 08:44:07.686533 |     101
     104 | BD        |     10 |  22768 | Salman khan |   9237666364 | 2021-09-02   | 08:44:27.261475 |     103
     104 | BD        |     11 |  23768 | Mukesh      |   9137666364 | 2021-09-02   | 08:44:55.3374   |     104
(36 rows)


day15g=# select * from dept;
 dept_id | dept_name
---------+-----------
     101 | Admin
     102 | Support
     103 | HR
     104 | BD
(4 rows)


day15g=# select * from SelfTaazaa;
 emp_no | emp_id |  emp_name   | emp_phone_no | date_of_join |  time_of_join   | dept_id
--------+--------+-------------+--------------+--------------+-----------------+---------
      1 |  15768 | Gurpreet    |   9717983635 | 2021-09-02   | 08:40:06.008901 |     101
      2 |  16768 | rohan       |   7827656364 | 2021-09-02   | 08:40:46.786416 |     101
      4 |  17768 | Abhishek    |   7827666364 | 2021-09-02   | 08:41:30.146781 |     102
      5 |  18768 | Raman       |   7227666364 | 2021-09-02   | 08:42:07.630946 |     103
      7 |  19768 | max         |   9227666364 | 2021-09-02   | 08:42:41.123282 |     101
      8 |  20768 | ben         |   9237666364 | 2021-09-02   | 08:43:08.289266 |     102
      9 |  21768 | Salman      |   9137666364 | 2021-09-02   | 08:44:07.686533 |     101
     10 |  22768 | Salman khan |   9237666364 | 2021-09-02   | 08:44:27.261475 |     103
     11 |  23768 | Mukesh      |   9137666364 | 2021-09-02   | 08:44:55.3374   |     104
(9 rows)


day15g=# create view as select empid,emp_name,emp_phone_no from SelfTaazaa;
ERROR:  syntax error at or near "as"
LINE 1: create view as select empid,emp_name,emp_phone_no from SelfT...
                    ^
day15g=# create view viewSelfTaazaa as select empid,emp_name,emp_phone_no from SelfTaazaa;
ERROR:  column "empid" does not exist
LINE 1: create view viewSelfTaazaa as select empid,emp_name,emp_phon...
                                             ^
HINT:  Perhaps you meant to reference the column "selftaazaa.emp_id".
day15g=# create view viewSelfTaazaa as select emp_id,emp_name,emp_phone_no from SelfTaazaa;
CREATE VIEW
day15g=# select * fromviewSelfTaazaa;
ERROR:  syntax error at or near "fromviewSelfTaazaa"
LINE 1: select * fromviewSelfTaazaa;
                 ^
day15g=# select * from viewSelfTaazaa;
 emp_id |  emp_name   | emp_phone_no
--------+-------------+--------------
  15768 | Gurpreet    |   9717983635
  16768 | rohan       |   7827656364
  17768 | Abhishek    |   7827666364
  18768 | Raman       |   7227666364
  19768 | max         |   9227666364
  20768 | ben         |   9237666364
  21768 | Salman      |   9137666364
  22768 | Salman khan |   9237666364
  23768 | Mukesh      |   9137666364
(9 rows)


day15g=# create view viewDept as select * from SelfTaazaa;
CREATE VIEW
day15g=# select * from viewDept;
 emp_no | emp_id |  emp_name   | emp_phone_no | date_of_join |  time_of_join   | dept_id
--------+--------+-------------+--------------+--------------+-----------------+---------
      1 |  15768 | Gurpreet    |   9717983635 | 2021-09-02   | 08:40:06.008901 |     101
      2 |  16768 | rohan       |   7827656364 | 2021-09-02   | 08:40:46.786416 |     101
      4 |  17768 | Abhishek    |   7827666364 | 2021-09-02   | 08:41:30.146781 |     102
      5 |  18768 | Raman       |   7227666364 | 2021-09-02   | 08:42:07.630946 |     103
      7 |  19768 | max         |   9227666364 | 2021-09-02   | 08:42:41.123282 |     101
      8 |  20768 | ben         |   9237666364 | 2021-09-02   | 08:43:08.289266 |     102
      9 |  21768 | Salman      |   9137666364 | 2021-09-02   | 08:44:07.686533 |     101
     10 |  22768 | Salman khan |   9237666364 | 2021-09-02   | 08:44:27.261475 |     103
     11 |  23768 | Mukesh      |   9137666364 | 2021-09-02   | 08:44:55.3374   |     104
(9 rows)


day15g=# drop view viewDept;
DROP VIEW
day15g=# create view viewDept as select * from dept;
CREATE VIEW
day15g=# select * from viewDept;
 dept_id | dept_name
---------+-----------
     101 | Admin
     102 | Support
     103 | HR
     104 | BD
(4 rows)


day15g=# create view viewdata as select emp_id,emp_name,emp_phone_no,a.dept_id,b.dept_name from SelfTaazaa a,dept b;
CREATE VIEW
day15g=# select * from viewdata;
 emp_id |  emp_name   | emp_phone_no | dept_id | dept_name
--------+-------------+--------------+---------+-----------
  15768 | Gurpreet    |   9717983635 |     101 | Admin
  16768 | rohan       |   7827656364 |     101 | Admin
  17768 | Abhishek    |   7827666364 |     102 | Admin
  18768 | Raman       |   7227666364 |     103 | Admin
  19768 | max         |   9227666364 |     101 | Admin
  20768 | ben         |   9237666364 |     102 | Admin
  21768 | Salman      |   9137666364 |     101 | Admin
  22768 | Salman khan |   9237666364 |     103 | Admin
  23768 | Mukesh      |   9137666364 |     104 | Admin
  15768 | Gurpreet    |   9717983635 |     101 | Support
  16768 | rohan       |   7827656364 |     101 | Support
  17768 | Abhishek    |   7827666364 |     102 | Support
  18768 | Raman       |   7227666364 |     103 | Support
  19768 | max         |   9227666364 |     101 | Support
  20768 | ben         |   9237666364 |     102 | Support
  21768 | Salman      |   9137666364 |     101 | Support
  22768 | Salman khan |   9237666364 |     103 | Support
  23768 | Mukesh      |   9137666364 |     104 | Support
  15768 | Gurpreet    |   9717983635 |     101 | HR
  16768 | rohan       |   7827656364 |     101 | HR
  17768 | Abhishek    |   7827666364 |     102 | HR
  18768 | Raman       |   7227666364 |     103 | HR
  19768 | max         |   9227666364 |     101 | HR
  20768 | ben         |   9237666364 |     102 | HR
  21768 | Salman      |   9137666364 |     101 | HR
  22768 | Salman khan |   9237666364 |     103 | HR
  23768 | Mukesh      |   9137666364 |     104 | HR
  15768 | Gurpreet    |   9717983635 |     101 | BD
  16768 | rohan       |   7827656364 |     101 | BD
  17768 | Abhishek    |   7827666364 |     102 | BD
  18768 | Raman       |   7227666364 |     103 | BD
  19768 | max         |   9227666364 |     101 | BD
  20768 | ben         |   9237666364 |     102 | BD
  21768 | Salman      |   9137666364 |     101 | BD
  22768 | Salman khan |   9237666364 |     103 | BD
  23768 | Mukesh      |   9137666364 |     104 | BD
(36 rows)


day15g=#
day15g=# create view viewdata1 as select emp_id,emp_name,emp_phone_no,a.dept_id,b.dept_name from SelfTaazaa a,dept b where a.dept_id=b.dept_id;
CREATE VIEW
day15g=# select * from viewdata1;
 emp_id |  emp_name   | emp_phone_no | dept_id | dept_name
--------+-------------+--------------+---------+-----------
  15768 | Gurpreet    |   9717983635 |     101 | Admin
  16768 | rohan       |   7827656364 |     101 | Admin
  17768 | Abhishek    |   7827666364 |     102 | Support
  18768 | Raman       |   7227666364 |     103 | HR
  19768 | max         |   9227666364 |     101 | Admin
  20768 | ben         |   9237666364 |     102 | Support
  21768 | Salman      |   9137666364 |     101 | Admin
  22768 | Salman khan |   9237666364 |     103 | HR
  23768 | Mukesh      |   9137666364 |     104 | BD
(9 rows)


day15g=# create view viewdata2 as select emp_id,emp_name,emp_phone_no,a.dept_id,b.dept_name from SelfTaazaa a,dept b where a inner join b;
ERROR:  syntax error at or near "inner"
LINE 1: ...t_id,b.dept_name from SelfTaazaa a,dept b where a inner join...
                                                             ^
day15g=# create view viewdata2 as select emp_id,emp_name,emp_phone_no,a.dept_id,b.dept_name from SelfTaazaa a,dept b where a innerjoin b;
ERROR:  syntax error at or near "innerjoin"
LINE 1: ...t_id,b.dept_name from SelfTaazaa a,dept b where a innerjoin ...
                                                             ^
day15g=# create view viewdata2 as select emp_id,emp_name,emp_phone_no,a.dept_id,b.dept_name from SelfTaazaa a,dept b where a innerjoin b;










































































































































































































































































































































































































































